Kimlik,Tür,"Stok kodu (SKU)","GTIN, UPC, EAN veya ISBN",İsim,Yayımlanmış,"Öne çıkan?","Katalogda görünürlük","Kısa açıklama",Açıklama,"İndirimli fiyatın başladığı tarih","İndirimli fiyatın bittiği tarih","Vergi durumu","Vergi sınıfı",Stokta?,Stok,"Düşük stok miktarı","Ön Siparişe İzin Ver?","Ayrı ayrı mı satılıyor?","Ağırlık (kg)","Uzunluk (m)","Genişlik (m)","Yükseklik (m)","Müşteri değerlendirmelerine izin verilsin mi?","Satın alma notu","İndirimli satış fiyatı","Normal fiyat",Kategoriler,Etiketler,"Gönderim sınıfı",Görseller,"İndirme sınırı","İndirme sona erme günü",Ebeveyn,"Gruplanmış ürünler","Yukarı satışlar","Çapraz satışlar","Harici URL","Düğme metni",Konum,"Blocksy Images Metadata",Markalar,"Blocksy Custom Data","Blocksy Variation Images",GTIN8,"GTIN12 / UPC","GTIN13 / EAN","GTIN14 / ITF-14",ISBN,MPN,"Nitelik 1 ismi","Nitelik 1 değer(ler)i","Nitelik 1 görünür","Nitelik 1 genel","Nitelik 2 ismi","Nitelik 2 değer(ler)i","Nitelik 2 görünür","Nitelik 2 genel"
2086,external,,,Orjin,1,0,visible,,"Banyo dolabı",,,taxable,,1,,,0,0,,,,,0,,,14200,"Banyo Dolabı","banyo, dolabi, orjin",,https://www.eraydus.com/wp-content/uploads/2018/02/orjin-banyo-dolabi.jpg,,,,,,,,,0,"[{""url"":""https:\/\/www.eraydus.com\/wp-content\/uploads\/2018\/02\/orjin-banyo-dolabi.jpg""\,""attachment_id"":""1054""\,""meta"":{""styles_descriptor"":{""styles"":{""desktop"":""""\,""tablet"":""""\,""mobile"":""""}\,""google_fonts"":[]\,""version"":5}}}]",,,,,,,,,,,,,
2114,external,,,"BOY DOLABI 60'LIK ",1,0,visible,,,,,taxable,,1,,,0,0,,,,,0,,,5250,"Banyo Dolabı","60’lik , banyo, boy, dolabi",,https://www.eraydus.com/wp-content/uploads/2021/01/eray_banyo_60.jpg,,,,,,,,,0,,,,,,,,,,,,,,
2116,external,,,"Standart Beyaz 65 cm ",1,0,visible,,,,,taxable,,1,,,0,0,,,,,0,,,6950,"Banyo Dolabı","banyo, beyaz, cm , dolabi, standart",,https://www.eraydus.com/wp-content/uploads/2018/02/efes45_banyo_dolabi.jpg,,,,,,,,,0,"[{""url"":""https:\/\/www.eraydus.com\/wp-content\/uploads\/2018\/02\/efes45_banyo_dolabi.jpg""\,""attachment_id"":""1064""\,""meta"":{""styles_descriptor"":{""styles"":{""desktop"":""""\,""tablet"":""""\,""mobile"":""""}\,""google_fonts"":[]\,""version"":5}}}]",,,,,,,,,,,,,
2117,external,,,"Standart beyaz 80 cm",1,0,visible,,,,,taxable,,1,,,0,0,,,,,0,,,7350,"Banyo Dolabı","banyo, beyaz, dolabi, standart",,https://www.eraydus.com/wp-content/uploads/2018/02/8321_buyuk_zoom-600x447.jpg,,,,,,,,,0,"[{""url"":""https:\/\/www.eraydus.com\/wp-content\/uploads\/2018\/02\/8321_buyuk_zoom-600x447.jpg""\,""attachment_id"":""1062""\,""meta"":{""styles_descriptor"":{""styles"":{""desktop"":""""\,""tablet"":""""\,""mobile"":""""}\,""google_fonts"":[]\,""version"":5}}}]",,,,,,,,,,,,,
2152,external,,,Dolce,1,0,visible,"<p>Renk : Krem</p>\n<p>Ölçü : 100+38 cm</p>",,,,taxable,,1,,,0,0,,,,,0,,,12800,"Banyo Dolabı","banyo, dolabi, dolce",,https://www.eraydus.com/wp-content/uploads/2018/02/dolce-krem-dolap-600x600.jpg,,,,,,,,,0,"[{""url"":""https:\/\/www.eraydus.com\/wp-content\/uploads\/2018\/02\/dolce-krem-dolap-600x600.jpg""\,""attachment_id"":""1059""\,""meta"":{""styles_descriptor"":{""styles"":{""desktop"":""""\,""tablet"":""""\,""mobile"":""""}\,""google_fonts"":[]\,""version"":2}}}]",,,,,,,,,,,,,
2153,external,,,"Dolce Siyah",1,0,visible,"<p>Renk : Siyah</p>\n<p>Ölçü : 100+38 </p>",,,,taxable,,1,,,0,0,,,,,0,,,12800,"Banyo Dolabı","banyo, dolabi, dolce, siyah",,https://www.eraydus.com/wp-content/uploads/2018/02/dolce-siyah-dolap1.jpg,,,,,,,,,0,"[{""url"":""https:\/\/www.eraydus.com\/wp-content\/uploads\/2018\/02\/dolce-siyah-dolap1.jpg""\,""attachment_id"":""1060""\,""meta"":{""styles_descriptor"":{""styles"":{""desktop"":""""\,""tablet"":""""\,""mobile"":""""}\,""google_fonts"":[]\,""version"":5}}}]",,,,,,,,,,,,,
2154,external,,,"Rustica 95",1,0,visible,"<p>Renk : Beyaz lake</p>",,,,taxable,,1,,,0,0,,,,,0,,,11500,"Banyo Dolabı","banyo, dolabi, rustica",,https://www.eraydus.com/wp-content/uploads/2021/01/rustica-100-banyo-dolabi.jpg,,,,,,,,,0,,,,,,,,,,,,,,
2155,external,,,"Rustica 85",1,0,visible,"<p>Renk : Beyaz Lake</p>",,,,taxable,,1,,,0,0,,,,,0,,,10500,"Banyo Dolabı","banyo, dolabi, rustica",,https://www.eraydus.com/wp-content/uploads/2021/01/rustica-100-banyo-dolabi.jpg,,,,,id:2154,,,,0,,,,,,,,,,,,,,
2156,external,,,"Rustica 75",1,0,visible,"<p>Renk : Beyaz Lake</p>",,,,taxable,,1,,,0,0,,,,,0,,,9300,"Banyo Dolabı","banyo, dolabi, rustica",,https://www.eraydus.com/wp-content/uploads/2021/01/rustica-100-banyo-dolabi.jpg,,,,,"id:2155, id:2154",,,,0,,,,,,,,,,,,,,
2157,external,,,"Standart 100",1,0,visible,"<p>Klasik 100</p>\n<p>&nbsp;</p>",,,,taxable,,1,,,0,0,,,,,0,,9200,9400,"Banyo Dolabı","100, banyo, dolabi, standart",,https://www.eraydus.com/wp-content/uploads/2021/01/eray80-cm-Banyo-Dolabi-6c31.jpg,,,,,,,,,0,,,,,,,,,,,Renk,"Siyah
Kırmızı
Beyaz
Ceviz
Meşe",1,0
2158,external,,,"Siyah Karolajlı Duşakabin - 01",1,0,visible,,"Siyah Çerçeve\n\nEmaye Karolajlı Boya\n\nSağ veya Sola Katlanır",,,taxable,,1,,,0,0,,,,,0,,8000,9000,"Katlanır Duşakabin","Duşakabin, karolajlı, katlanır, siyah",,"https://www.eraydus.com/wp-content/uploads/2021/01/20200721_111237_HDR-scaled.jpg, https://www.eraydus.com/wp-content/uploads/2021/01/20200721_111301_HDR-scaled.jpg",,,,,,,,,0,"[{""url"":""https:\/\/www.eraydus.com\/wp-content\/uploads\/2021\/01\/20200721_111301_HDR-scaled.jpg""\,""attachment_id"":2511\,""meta"":{""styles_descriptor"":{""styles"":{""desktop"":""""\,""tablet"":""""\,""mobile"":""""}\,""google_fonts"":[]\,""version"":2}}}]",,,,,,,,,,"Ölçü Aralığı","70
75
80
85
90
95
100
105",1,0
2160,external,,,"Katlanır Duşakabin - 02",1,0,visible,,"Katlanır Duşakabin\n\nŞeffaf Cam\n\nSağ veya Sola Açılır",,,taxable,,1,,,0,0,,,,,0,,,7000,"Katlanır Duşakabin","Duşakabin, katlanır",,https://www.eraydus.com/wp-content/uploads/2019/04/eraydus...jpg,,,,,,,,,0,"[{""url"":""https:\/\/www.eraydus.com\/wp-content\/uploads\/2019\/04\/eraydus...jpg""\,""attachment_id"":""1367""\,""meta"":{""styles_descriptor"":{""styles"":{""desktop"":""""\,""tablet"":""""\,""mobile"":""""}\,""google_fonts"":[]\,""version"":5}}}]",,,,,,,,,,"Ölçü Aralığı","70
75
80
85
90
95
100
105",1,0
2161,external,,,"Katlanır Duşakabin - 03",1,0,visible,,"Katlanır Duşakabin\n\nŞeffaf Cam\n\nSağ ve Sol Açılır",,,taxable,,1,,,0,0,,,,,0,,,7000,"Katlanır Duşakabin","Duşakabin, katlanır",,https://www.eraydus.com/wp-content/uploads/2020/12/IMG_20201017_161322-scaled.jpg,,,,,,,,,0,"[{""url"":""https:\/\/www.eraydus.com\/wp-content\/uploads\/2020\/12\/IMG_20201017_161322-scaled.jpg""\,""attachment_id"":""1870""\,""meta"":{""styles_descriptor"":{""styles"":{""desktop"":""""\,""tablet"":""""\,""mobile"":""""}\,""google_fonts"":[]\,""version"":5}}}]",,,,,,,,,,"Ölçü Aralığı","70
75
80
85
90
95
100
105",1,0
2182,simple,L-001,,"Livorno Duşakabin L-001",1,0,visible,,"Zemine sıfır montaj uygulama, altı yükseltme profilli duşakabin,",,,taxable,,1,,,0,0,,,,,0,,,8000,"Livorno Serisi","Duşakabin, l-001, livorno, serisi",,https://www.eraydus.com/wp-content/uploads/2020/10/IMG-20180926-WA0027.jpg,,,,,,,,,0,,,,,,,,,,,"Ölçü Aralığı","90 x 90
100 x 100",1,0
2183,external,,,"Livorno Duşakabin L-002",1,0,visible,,"<p>Kare duş teknesi üzeri, Köşe açılır alt ve üst livorno serisi profilli</p>",,,taxable,,1,,,0,0,,,,,0,,,8500,"Livorno Serisi","Duşakabin, l-002, livorno, serisi",,https://www.eraydus.com/wp-content/uploads/2018/09/eraydus.-1.jpg,,,,,,,,,0,"[{""url"":""https:\/\/www.eraydus.com\/wp-content\/uploads\/2018\/09\/eraydus.-1.jpg""\,""attachment_id"":""1186""\,""meta"":{""styles_descriptor"":{""styles"":{""desktop"":""""\,""tablet"":""""\,""mobile"":""""}\,""google_fonts"":[]}}}]",,,,,,,,,,"Ölçü Aralığı","90 x 90",1,0
2184,external,,,"Livorno Duşakabin L-003",1,0,visible,,"<p>Yan Sabitli Bir Sabit Bir hareketli siyah Katolajlı Duşakabin</p>",,,taxable,,1,,,0,0,,,,,0,,,9000,"Livorno Serisi","Duşakabin, l-003, livorno, serisi",,https://www.eraydus.com/wp-content/uploads/2020/10/IMG-20201008-WA0025.jpg,,,,,,,,,0,,,,,,,,,,,"Ölçü Aralığı","110 x 80
120 x 80",1,0
2185,external,,,"Livorno Duşakabin L-004",1,0,visible,,"<p>Kare Siyah Çerçeveli 6mm Şeffaf Camlı Livorno serisi.</p>",,,taxable,,1,,,0,0,,,,,0,,,8000,"Livorno Serisi","Duşakabin, l-004, livorno, serisi",,https://www.eraydus.com/wp-content/uploads/2020/09/livorno-siyah.jpg,,,,,,,,,0,"[{""url"":""https:\/\/www.eraydus.com\/wp-content\/uploads\/2020\/09\/livorno-siyah.jpg""\,""attachment_id"":""1636""\,""meta"":{""styles_descriptor"":{""styles"":{""desktop"":""""\,""tablet"":""""\,""mobile"":""""}\,""google_fonts"":[]\,""version"":4}}}]",,,,,,,,,,"Ölçü Aralığı","100 x 100",1,0
2188,external,,,"Livorno Duşakabin L-005",1,0,visible,,"<p>Füme Tek Açılır, Bir Sabit Bir açılır Duşakabin</p>",,,taxable,,1,,,0,0,,,,,0,,,9000,"Livorno Serisi","Duşakabin, l-005, livorno, serisi",,https://www.eraydus.com/wp-content/uploads/2020/09/krom-fume_17.04.2020_c0f88fe.jpg,,,,,,,,,0,,,,,,,,,,,"Ölçü Aralığı","115 cm ile 140 cm",1,0
2189,external,,,"Livorno Duşakabin L-006",1,0,visible,,"<p><span style=""font-family: arial, helvetica, sans-serif;"">Siyah Karolajlı Ön Cephe Ortadan Sağ ve Sola Açılır Duşakabin.</span></p>",,,taxable,,1,,,0,0,,,,,0,,,9000,"Livorno Serisi","Duşakabin, l-006, livorno, serisi",,https://www.eraydus.com/wp-content/uploads/2020/09/unnamed-2.jpg,,,,,,,,,0,"[{""url"":""https:\/\/www.eraydus.com\/wp-content\/uploads\/2020\/09\/unnamed-2.jpg""\,""attachment_id"":""1637""\,""meta"":{""styles_descriptor"":{""styles"":{""desktop"":""""\,""tablet"":""""\,""mobile"":""""}\,""google_fonts"":[]}}}]",,,,,,,,,,"Ölçü Aralığı","150cm ile 200cm",1,0
2275,external,,,"Livorno Duşakabin L-007",1,0,visible,,"<p>Siyah Karolajlı 1 sabit 1 hareketli cam duşakabin</p>",,,taxable,,1,,,0,0,,,,,0,,,8500,"Livorno Serisi","Duşakabin, l-007, livorno, serisi",,https://www.eraydus.com/wp-content/uploads/2020/10/livorno-kareli.jpg-2.jpg,,,,,,,,,0,,,,,,,,,,,"Ölçü Aralığı","120cm ile 145cm",1,0
2283,external,,,"Livorno Duşakabin L-008",1,0,visible,,"<p>Füme 1 sabit 1 hareketli Tek Açılır cam duşakabin,</p>",,,taxable,,1,,,0,0,,,,,0,,,7500,"Livorno Serisi","Duşakabin, l-008, livorno, serisi",,https://www.eraydus.com/wp-content/uploads/2020/09/krom-fume_17.04.2020_c0f88fe.jpg,,,,,,,,,0,,,,,,,,,,,"Ölçü Aralığı","110cm ile 130cm",1,0
2284,external,,,"Livorno Duşakabin L-009",1,0,visible,,"<p>Füme Siyah Çerçeveli ve Füme camlı duşakabin modeli,</p>",,,taxable,,1,,,0,0,,,,,0,,,8500,"Livorno Serisi","Duşakabin, l-009, livorno, serisi",,https://www.eraydus.com/wp-content/uploads/2020/09/Kare-fume-dusakabin.jpg,,,,,,,,,0,"[{""url"":""https:\/\/www.eraydus.com\/wp-content\/uploads\/2020\/09\/Kare-fume-dusakabin.jpg""\,""attachment_id"":""1632""\,""meta"":{""styles_descriptor"":{""styles"":{""desktop"":""""\,""tablet"":""""\,""mobile"":""""}\,""google_fonts"":[]\,""version"":4}}}]",,,,,,,,,,Ölçü,"100 x 100",1,0
2285,external,,,"Livorno Duşakabin L-010",1,0,visible,,"Füme camlı F. parlak çerçeveli Kare cam duşakabin,",,,taxable,,1,,,0,0,,,,,0,,,9000,"Livorno Serisi","Duşakabin, l-010, livorno, serisi",,https://www.eraydus.com/wp-content/uploads/2020/10/fume-dusakabin_31.03.2020_2454f7f.jpg,,,,,,,,,0,,,,,,,,,,,Ölçü,"100 x 100 h 190",1,0
2286,external,,,"Livorno Duşakabin L-011",1,0,visible,,"<p>Füme Siyah Çerçeveli ve Füme camlı 1 sabit 1 hakerektli cam duşakabin</p>",,,taxable,,1,,,0,0,,,,,0,,,9500,"Livorno Serisi","Duşakabin, l-011, livorno, serisi",,https://www.eraydus.com/wp-content/uploads/2020/09/Fume-Camli-Siyah-dusakabin.jpg,,,,,,,,,0,"[{""url"":""https:\/\/www.eraydus.com\/wp-content\/uploads\/2020\/09\/Fume-Camli-Siyah-dusakabin.jpg""\,""attachment_id"":""1631""\,""meta"":{""styles_descriptor"":{""styles"":{""desktop"":""""\,""tablet"":""""\,""mobile"":""""}\,""google_fonts"":[]\,""version"":4}}}]",,,,,,,,,,"Ölçü Aralığı","110cm ile 140cm",1,0
2287,external,,,"Livorno Duşakabin L-012",1,0,visible,,"<p>Livor serisi üst kapalı ray, alt ince profilli tırnaklı seri,</p>",,,taxable,,1,,,0,0,,,,,0,,,9500,"Livorno Serisi","Duşakabin, l-012, livorno, serisi",,https://www.eraydus.com/wp-content/uploads/2018/04/IMG-20180407-WA0000.jpg,,,,,,,,,0,"[{""url"":""https:\/\/www.eraydus.com\/wp-content\/uploads\/2018\/04\/IMG-20180407-WA0000.jpg""\,""attachment_id"":""1104""\,""meta"":{""styles_descriptor"":{""styles"":{""desktop"":""""\,""tablet"":""""\,""mobile"":""""}\,""google_fonts"":[]\,""version"":5}}}]",,,,,,,,,,Ölçü,"130 x 20 h 190",1,0
2288,external,,,"Livorno Duşakabin L-013",1,0,visible,,"<p>livorno düz seri, yan panelli, 1 sabit 1 hareketli zemine sıfır duşakabin.</p>",,,taxable,,1,,,0,0,,,,,0,,,13500,"Livorno Serisi","Duşakabin, l-013, livorno, serisi",,https://www.eraydus.com/wp-content/uploads/2017/03/IMG-20170910-WA0000.jpg,,,,,,,,,0,"[{""url"":""https:\/\/www.eraydus.com\/wp-content\/uploads\/2017\/03\/IMG-20170910-WA0000.jpg""\,""attachment_id"":""966""\,""meta"":{""styles_descriptor"":{""styles"":{""desktop"":""""\,""tablet"":""""\,""mobile"":""""}\,""google_fonts"":[]\,""version"":4}}}]",,,,,,,,,,Ölçü,"120 x 90 h 190",1,0
2290,external,,,"Livorno Duşakabin L-014",1,0,visible,,"<p><span style=""font-family: arial, helvetica, sans-serif;"">dik dörtgen flat duş teknesi, 2 sabit 2 kayar, duşakabin, Dikdörtgen livorno serisi duşakabin</span></p>",,,taxable,,1,,,0,0,,,,,0,,,14500,"Livorno Serisi","Duşakabin, l-014, livorno, serisi",,https://www.eraydus.com/wp-content/uploads/2017/03/livorno-dikdörtgen.jpg,,,,,,,,,0,"[{""url"":""https:\/\/www.eraydus.com\/wp-content\/uploads\/2017\/03\/livorno-dikd\u00f6rtgen.jpg""\,""attachment_id"":""850""\,""meta"":{""styles_descriptor"":{""styles"":{""desktop"":""""\,""tablet"":""""\,""mobile"":""""}\,""google_fonts"":[]\,""version"":2}}}]",,,,,,,,,,Ölçü,"120 x 90 h 198",1,0
2291,external,,,"Livorno Duşakabin L-015",1,0,visible,,"<p><span style=""font-size: 14px; font-family: arial, helvetica, sans-serif;"">Livorno serisi siyah </span><br />\n<span style=""font-size: 14px; font-family: arial, helvetica, sans-serif;"">duşakabin,6 mm temperli </span><br />\n<span style=""font-size: 14px; font-family: arial, helvetica, sans-serif;"">cam, siyah şerit</span><br />\n<span style=""font-size: 14px; font-family: arial, helvetica, sans-serif;""> desenli model,</span></p>",,,taxable,,1,,,0,0,,,,,0,,,9000,"Livorno Serisi","Duşakabin, l-015, livorno, serisi",,https://www.eraydus.com/wp-content/uploads/2019/02/IMG-20190210-WA0002.jpg,,,,,,,,,0,"[{""url"":""https:\/\/www.eraydus.com\/wp-content\/uploads\/2019\/02\/IMG-20190210-WA0002.jpg""\,""attachment_id"":""1341""\,""meta"":{""styles_descriptor"":{""styles"":{""desktop"":""""\,""tablet"":""""\,""mobile"":""""}\,""google_fonts"":[]\,""version"":2}}}]",,,,,,,,,,Ölçü,"90 x 90 h 190",1,0
2292,external,,,"Nokta Menteşe NM-001",1,0,visible,,"Nokta menteşeli Yan sabit Köşe den içe açılan kapı modeli duşakabin, T gergi k",,,taxable,,1,,,0,0,,,,,0,,,15300,"Pivot Duşakabin > Nokta Menteşe","menteşe, nm-001, nokta",,https://www.eraydus.com/wp-content/uploads/2018/08/İçe-açılır-nokta-menteşe.jpg,,,,,,,,,0,"[{""url"":""https:\/\/www.eraydus.com\/wp-content\/uploads\/2018\/08\/\u0130\u00e7e-a\u00e7\u0131l\u0131r-nokta-mente\u015fe.jpg""\,""attachment_id"":""1146""\,""meta"":{""styles_descriptor"":{""styles"":{""desktop"":""""\,""tablet"":""""\,""mobile"":""""}\,""google_fonts"":[]\,""version"":4}}}]",,,,,,,,,,Ölçü,"110 x 80 h 190
120 x 80 h 190
110 x 90 h 190
120 x 90 h 190",1,0
2294,external,,,"Nokta Menteşe NM-002",1,0,visible,,"Siyah Duvardan Nokta Menteşeli, İçe veya Dışa açılabilir.",,,taxable,,1,,,0,0,,,,,0,,,7800,"Pivot Duşakabin > Nokta Menteşe","menteşe, nm-002, nokta",,https://www.eraydus.com/wp-content/uploads/2020/09/pivot-tek-kapi-siyah.jpg,,,,,,,,,0,"[{""url"":""https:\/\/www.eraydus.com\/wp-content\/uploads\/2020\/09\/pivot-tek-kapi-siyah.jpg""\,""attachment_id"":""1638""\,""meta"":{""styles_descriptor"":{""styles"":{""desktop"":""""\,""tablet"":""""\,""mobile"":""""}\,""google_fonts"":[]\,""version"":5}}}]",,,,,,,,,,Ölçü,"70 x 190
80 x 190
90 x 190",1,0
2295,external,,,"Nokta Menteşe NM-003",1,0,visible,,"<p>Siyah Nokta Menteşeli Yan sabitli Tek açılır kapı modeli</p>",,,taxable,,1,,,0,0,,,,,0,,15500,15800,"Pivot Duşakabin > Nokta Menteşe","menteşe, nm-003, nokta",,https://www.eraydus.com/wp-content/uploads/2020/09/nokta-siyah-1.jpg,,,,,,,,,0,"[{""url"":""https:\/\/www.eraydus.com\/wp-content\/uploads\/2020\/09\/nokta-siyah-1.jpg""\,""attachment_id"":""1629""\,""meta"":{""styles_descriptor"":{""styles"":{""desktop"":""""\,""tablet"":""""\,""mobile"":""""}\,""google_fonts"":[]\,""version"":5}}}]",,,,,,,,,,Ölçü,"110 x 80
110 x 90
120 x 80
120 x 90
110 x 100
120 x 100",1,0
2297,external,,,"Nokta Menteşe NM-004",1,0,visible,,"<p>Nokta Menteşeli Kare duşakabin, İki yan sabitli, köşeden dışa açılır kapılı, cam duşakabin,</p>",,,taxable,,1,,,0,0,,,,,0,,16400,16900,"Pivot Duşakabin > Nokta Menteşe","menteşe, nm-004, nokta",,https://www.eraydus.com/wp-content/uploads/2018/10/tutku-yapi-dusa-kabin-20-150x150.jpg,,,,,,,,,0,"[{""url"":""https:\/\/www.eraydus.com\/wp-content\/uploads\/2018\/10\/tutku-yapi-dusa-kabin-20-150x150.jpg""\,""attachment_id"":""1251""\,""meta"":{""styles_descriptor"":{""styles"":{""desktop"":""""\,""tablet"":""""\,""mobile"":""""}\,""google_fonts"":[]\,""version"":4}}}]",,,,,,,,,,Ölçü,"110 x 80
110 x 90
110 x 100
120 x 80
120 x 90
120 x 100",1,0
2298,external,,,"Nokta Menteşe NM-005",1,0,visible,,"<p>Akrilik duş teknesi<strong>, </strong>Duvardan nokta menteşeli yan sabitler, köşeden iki açılır duşakabin.<strong> </strong></p>",,,taxable,,1,,,0,0,,,,,0,,18500,18900,"Pivot Duşakabin > Nokta Menteşe","menteşe, nm-005, nokta",,https://www.eraydus.com/wp-content/uploads/2016/01/Eraydus.com111.jpg,,,,,,,,,0,"[{""url"":""https:\/\/www.eraydus.com\/wp-content\/uploads\/2016\/01\/Eraydus.com111.jpg""\,""attachment_id"":""969""\,""meta"":{""styles_descriptor"":{""styles"":{""desktop"":""""\,""tablet"":""""\,""mobile"":""""}\,""google_fonts"":[]\,""version"":5}}}]",,,,,,,,,,Ölçü,"90 x 90
100 x 100
110 x 110",1,0
2299,external,,,"Nokta Menteşe NM-006",1,0,visible,,"<p>Nokta Menteşe pivot kapı, iki yan sabit, ortadan içe açılır füme camlı tek kapılı,duşakabin.</p>",,,taxable,,1,,,0,0,,,,,0,,,15500,"Pivot Duşakabin > Nokta Menteşe","menteşe, nm-006, nokta",,https://www.eraydus.com/wp-content/uploads/2018/02/Eraydus.com-nokta-menteşe.jpg,,,,,,,,,0,"[{""url"":""https:\/\/www.eraydus.com\/wp-content\/uploads\/2018\/02\/Eraydus.com-nokta-mente\u015fe.jpg""\,""attachment_id"":""1074""\,""meta"":{""styles_descriptor"":{""styles"":{""desktop"":""""\,""tablet"":""""\,""mobile"":""""}\,""google_fonts"":[]\,""version"":5}}}]",,,,,,,,,,"Ölçü Aralığı","140cm ile 200cm",1,0
2300,external,,,"Nokta Menteşe NM-007",1,0,visible,,"<p>Küvet üzeri arkası sabit, şeffaf camlı, Nokta Menteşe dışa açılır kapı.</p>",,,taxable,,1,,,0,0,,,,,0,,8500,8900,"Pivot Duşakabin > Nokta Menteşe","menteşe, nm-007, nokta",,https://www.eraydus.com/wp-content/uploads/2018/09/eraydusakabin.jpg,,,,,,,,,0,"[{""url"":""https:\/\/www.eraydus.com\/wp-content\/uploads\/2018\/09\/eraydusakabin.jpg""\,""attachment_id"":""1190""\,""meta"":{""styles_descriptor"":{""styles"":{""desktop"":""""\,""tablet"":""""\,""mobile"":""""}\,""google_fonts"":[]\,""version"":5}}}]",,,,,,,,,,"Ölçü Aralığı","120cm ile 160cm",1,0
2301,external,,,"Nokta Menteşe NM-008",1,0,visible,,"<p>Beşgen nokta menteşe duşakabin</p>",,,taxable,,1,,,0,0,,,,,0,,20000,21500,"Pivot Duşakabin > Nokta Menteşe","menteşe, nm-008, nokta",,"https://www.eraydus.com/wp-content/uploads/2021/01/nokta-kulplu-nokta-menteseli-besgen-dusakabin-soldan-gorunum.jpg, https://www.eraydus.com/wp-content/uploads/2021/01/nokta-kulplu-nokta-menteseli-besgen-dusakabin-ust-cepheden-gorunum.jpg",,,,,,,,,0,,,,,,,,,,,Ölçü,"50 x 70 x 50
60 x 70 x 60
70 x 70 x 70",1,0
2302,external,,,"Nokta Menteşe NM-009",1,0,visible,,"<p>Duvar Nokta Menteşe</p>",,,taxable,,1,,,0,0,,,,,0,,,18300,"Pivot Duşakabin > Nokta Menteşe","menteşe, nm-009, nokta",,https://www.eraydus.com/wp-content/uploads/2019/09/IMG-20190509-WA0004.jpg,,,,,,,,,0,,,,,,,,,,,,,,
2303,external,,,"Nokta Menteşe NM-010",1,0,visible,,"<div class=""wp-block-image"">\n<figure class=""alignleft"">\n<figcaption>Katlanır Nokta Menteşeli</figcaption>\n</figure>\n</div>\n<p>&nbsp;</p>",,,taxable,,1,,,0,0,,,,,0,,,16900,"Pivot Duşakabin > Nokta Menteşe","menteşe, nm-010, nokta",,https://www.eraydus.com/wp-content/uploads/2019/09/IMG-20190414-WA0006.jpg,,,,,,,,,0,"[{""url"":""https:\/\/www.eraydus.com\/wp-content\/uploads\/2019\/09\/IMG-20190414-WA0006.jpg""\,""attachment_id"":""1510""\,""meta"":{""styles_descriptor"":{""styles"":{""desktop"":""""\,""tablet"":""""\,""mobile"":""""}\,""google_fonts"":[]\,""version"":5}}}]",,,,,,,,,,"Ölçü Aralığı","120cm ile 150cm",1,0
2304,external,,,"Boy Menteşe BM-001",1,0,visible,,"<p>Siyah Boy Menteşeli Karolajlı Cam</p>",,,taxable,,1,,,0,0,,,,,0,,,14800,"Pivot Duşakabin > Boy Menteşe","bm-001, boy, menteşe",,https://www.eraydus.com/wp-content/uploads/2019/09/IMG-20190710-WA0002.jpg,,,,,,,,,0,"[{""url"":""https:\/\/www.eraydus.com\/wp-content\/uploads\/2019\/09\/IMG-20190710-WA0002.jpg""\,""attachment_id"":""1516""\,""meta"":{""styles_descriptor"":{""styles"":{""desktop"":""""\,""tablet"":""""\,""mobile"":""""}\,""google_fonts"":[]\,""version"":2}}}]",,,,,,,,,,"Ölçü Aralığı","110cm ile 150cm",1,0
2305,external,,,"Boy Menteşe BM-002",1,0,visible,,"<p>Gold serisi yan panelli ön cephe iki sabit bir açılır kapılı duşakabin</p>",,,taxable,,1,,,0,0,,,,,0,,,15900,"Pivot Duşakabin > Boy Menteşe","bm-002, boy, menteşe",,"https://www.eraydus.com/wp-content/uploads/2021/01/ultra_D231A_kabin1-1250x846-1.jpg, https://www.eraydus.com/wp-content/uploads/2021/01/ultra_D231A_kabin1-12510x846-1.jpg",,,,,,,,,0,,,,,,,,,,,Ölçü,"100 x 80
110 x 80
120 x 80
100 x 90
110 x 90
120 x 90",1,0
2307,external,,,"Boy Menteşe BM-003",1,0,visible,,"<p>Oval çift açılır boy menteşe duşakabin</p>",,,taxable,,1,,,0,0,,,,,0,,,17800,"Pivot Duşakabin > Boy Menteşe","bm-003, boy, menteşe",,https://www.eraydus.com/wp-content/uploads/2018/10/1211-150x150.jpg,,,,,,,,,0,"[{""url"":""https:\/\/www.eraydus.com\/wp-content\/uploads\/2018\/10\/1211-150x150.jpg""\,""attachment_id"":""1254""\,""meta"":{""styles_descriptor"":{""styles"":{""desktop"":""""\,""tablet"":""""\,""mobile"":""""}\,""google_fonts"":[]\,""version"":5}}}]",,,,,,,,,,Ölçü,"80 x 80
90 x 90
100 x 100",1,0
2309,external,,,"Boy Menteşe BM-004",1,0,visible,,"<p>Yan sabitli tek açılır kapı</p>",,,taxable,,1,,,0,0,,,,,0,,,12900,"Pivot Duşakabin > Boy Menteşe","bm-004, boy, menteşe",,https://www.eraydus.com/wp-content/uploads/2021/01/ultra_231.jpg,,,,,,,,,0,,,,,,,,,,,Ölçü,"100 x 80
100 x 90
110 x 80
110 x 90",1,0
2310,external,,,"Boy Menteşe BM-005",1,0,visible,,"<p>Dikdörtgen duş teknesi, Köşe nokta menteşeli duşakabin.<strong> </strong></p>",,,taxable,,1,,,0,0,,,,,0,,,12400,"Pivot Duşakabin > Boy Menteşe","bm-005, boy, menteşe",,https://www.eraydus.com/wp-content/uploads/2018/10/Rea_Vento_80x80-150x150.jpg,,,,,,,,,0,"[{""url"":""https:\/\/www.eraydus.com\/wp-content\/uploads\/2018\/10\/Rea_Vento_80x80-150x150.jpg""\,""attachment_id"":""1247""\,""meta"":{""styles_descriptor"":{""styles"":{""desktop"":""""\,""tablet"":""""\,""mobile"":""""}\,""google_fonts"":[]\,""version"":5}}}]",,,,,,,,,,Ölçü,"80 x 80
90 x 90
100 x 100",1,0
2311,external,,,"Boy Menteşe BM-006",1,0,visible,,"Düz zemin üzerine sıfır şekilde , İki tarafı hareketsiz, füme  cam duşakabin",,,taxable,,1,,,0,0,,,,,0,,,6500,"Pivot Duşakabin > Boy Menteşe","bm-006, boy, menteşe",,https://www.eraydus.com/wp-content/uploads/2016/01/IMG-20170427-WA0010.jpg,,,,,,,,,0,,,,,,,,,,,Ölçü,"50 x 50
60 x 60
70 x 70",1,0
2312,external,,,"Boy Menteşe BM-007",1,0,visible,,"<p>Siyah Çerçeveli, Ön Sabitli 6mm Satina kumlama camlı Duşakabin</p>",,,taxable,,1,,,0,0,,,,,0,,7500,7900,"Pivot Duşakabin > Boy Menteşe","bm-007, boy, menteşe",,https://www.eraydus.com/wp-content/uploads/2021/01/20171005_135534_HDR-scaled.jpg,,,,,,,,,0,,,,,,,,,,,"Ölçü Aralığı","100cm ile 140cm",1,0
2313,external,,,"Boy Menteşe BM-008",1,0,visible,,"<p>Kare Boy menteşeli Köşeden Sağ Ve Sola Açılır Kapılı Cam duşakabin,</p>",,,taxable,,1,,,0,0,,,,,0,,,14500,"Pivot Duşakabin > Boy Menteşe","bm-008, boy, menteşe",,https://www.eraydus.com/wp-content/uploads/2021/01/eraydus.4.jpg,,,,,,,,,0,"[{""url"":""https:\/\/www.eraydus.com\/wp-content\/uploads\/2021\/01\/eraydus.4.jpg""\,""attachment_id"":""2507""\,""meta"":{""styles_descriptor"":{""styles"":{""desktop"":""""\,""tablet"":""""\,""mobile"":""""}\,""google_fonts"":[]\,""version"":2}}}]",,,,,,,,,,Ölçü,"80 x 80
90 x 90
100 x 100",1,0
2320,external,,,"Paslanmaz Duşakabin PS-002",1,0,visible,,"<p>Orta açılır pirinç rulmanlı paslanmaz duşakabin</p>",,,taxable,,1,,,0,0,,,,,0,,,20000,"Askılı Sistem","askılı, Duşakabin, paslanmaz, ps-002, sistem",,https://www.eraydus.com/wp-content/uploads/2019/09/IMG-20190529-WA0002.jpg,,,,,,,,,0,,,,,,,,,,,Ölçü,"150
160
170
180",1,0
2321,external,,,"Paslanmaz Duşakabin PS-001",1,0,visible,,"<p>Kare zemine sıfır, paslanmaz pirinç aksesuarlı duşakabin</p>",,,taxable,,1,,,0,0,,,,,0,,,20000,"Askılı Sistem","askılı, Duşakabin, paslanmaz, ps-001, sistem",,https://www.eraydus.com/wp-content/uploads/2019/09/IMG-20190529-WA0001.jpg,,,,,,,,,0,"[{""url"":""https:\/\/www.eraydus.com\/wp-content\/uploads\/2019\/09\/IMG-20190529-WA0001.jpg""\,""attachment_id"":""1519""\,""meta"":{""styles_descriptor"":{""styles"":{""desktop"":""""\,""tablet"":""""\,""mobile"":""""}\,""google_fonts"":[]\,""version"":4}}}]",,,,,,,,,,Ölçü,"90 x 90
100 x 100",1,0
2323,external,,,"Paslanmaz Duşakabin PS-003",1,0,visible,,"<p>Ön cephe 1 sabit 1 hareketli, paslanmaz lama, prinç aksesuar ve rulman, Alt profilsiz duşakabin,</p>",,,taxable,,1,,,0,0,,,,,0,,,16000,"Askılı Sistem","askılı, Duşakabin, paslanmaz, ps-003, sistem",,https://www.eraydus.com/wp-content/uploads/2017/11/paslanmaz-tek-açılır.jpg,,,,,,,,,0,,,,,,,,,,,"Ölçü Aralığı","120cm ile 140cm",1,0
2324,external,,,"Paslanmaz Duşakabin PS-004",1,0,visible,,"<p>1 sabit 1 hareketli, siyah paslanmaz lama, siyah prinç aksesuar ve rulman, Altı profilsiz duşakabin,</p>",,,taxable,,1,,,0,0,,,,,0,,,16000,"Askılı Sistem","askılı, Duşakabin, paslanmaz, ps-004, sistem",,https://www.eraydus.com/wp-content/uploads/2017/11/siyah-kabin.jpg,,,,,,,,,0,"[{""url"":""https:\/\/www.eraydus.com\/wp-content\/uploads\/2017\/11\/siyah-kabin.jpg""\,""attachment_id"":""1002""\,""meta"":{""styles_descriptor"":{""styles"":{""desktop"":""""\,""tablet"":""""\,""mobile"":""""}\,""google_fonts"":[]\,""version"":5}}}]",,,,,,,,,,"Ölçü Aralığı","120cm ile 140cm",1,0
2325,external,,,"Paslanmaz Duşakabin PS-005",1,0,visible,,"<p>Sol yan sabit , bir sabit bir hareketli duşakabin   Yan sabitli tek açılır.</p>",,,taxable,,1,,,0,0,,,,,0,,,17500,"Askılı Sistem","askılı, Duşakabin, paslanmaz, ps-005, sistem",,https://www.eraydus.com/wp-content/uploads/2018/01/Eraydus.com000.jpg,,,,,,,,,0,"[{""url"":""https:\/\/www.eraydus.com\/wp-content\/uploads\/2018\/01\/Eraydus.com000.jpg""\,""attachment_id"":""1042""\,""meta"":{""styles_descriptor"":{""styles"":{""desktop"":""""\,""tablet"":""""\,""mobile"":""""}\,""google_fonts"":[]\,""version"":5}}}]",,,,,,,,,,Ölçü,"110 x 80
110 x 90
120 x 80
120 x 90",1,0,,,,
2326,external,,,"Paslanmaz Duşakabin PS-006",1,0,visible,,"<p>Kare köşeden açılır 2 sabit2 kayar füme duşakabin.</p>",,,taxable,,1,,,0,0,,,,,0,,,21000,"Askılı Sistem","askılı, Duşakabin, paslanmaz, ps-006, sistem",,https://www.eraydus.com/wp-content/uploads/2018/01/20180126_170436-e1516992290482.jpg,,,,,,,,,0,"[{""url"":""https:\/\/www.eraydus.com\/wp-content\/uploads\/2018\/01\/20180126_170436-e1516992290482.jpg""\,""attachment_id"":""1050""\,""meta"":{""styles_descriptor"":{""styles"":{""desktop"":""""\,""tablet"":""""\,""mobile"":""""}\,""google_fonts"":[]}}}]",,,,,,,,,,Ölçü,"90 x 90
100 x 100",1,0,,,,
2327,external,,,"Paslanmaz Duşakabin PS-007",1,0,visible,,"<p><span style=""color: #000000;"">Füme aynalı (flotal) cam, Tek açılır yan panelli.</span></p>",,,taxable,,1,,,0,0,,,,,0,,,24500,"Askılı Sistem","askılı, Aynalı Cam, Duşakabin, paslanmaz, ps-007, sistem",,https://www.eraydus.com/wp-content/uploads/2017/11/eraydus.com_.jpg,,,,,,,,,0,"[{""url"":""https:\/\/www.eraydus.com\/wp-content\/uploads\/2017\/11\/eraydus.com_.jpg""\,""attachment_id"":""1021""\,""meta"":{""styles_descriptor"":{""styles"":{""desktop"":""""\,""tablet"":""""\,""mobile"":""""}\,""google_fonts"":[]\,""version"":4}}}]",,,,,,,,,,Ölçü,"110 x 90
120 x 90",1,0,,,,
2328,simple,PS-008,,"Paslanmaz Duşakabin PS-008",1,0,visible,,"<p style=""text-align: left;"">Altın sarısı, prinç duşakabin, Altın sarısı rulman ve aksesuarlı.</p>",,,taxable,,1,,,0,0,,,,,1,,21000,22000,"Askılı Sistem","askılı, Duşakabin, paslanmaz, ps-008, sistem",,https://www.eraydus.com/wp-content/uploads/2015/11/varak-ultra-üx-e1454415136462.jpg,,,,,,,,,0,"[{""url"":""https:\/\/www.eraydus.com\/wp-content\/uploads\/2015\/11\/varak-ultra-\u00fcx-e1454415136462.jpg""\,""attachment_id"":""323""\,""meta"":{""styles_descriptor"":{""styles"":{""desktop"":""""\,""tablet"":""""\,""mobile"":""""}\,""google_fonts"":[]\,""version"":5}}}]",,,,,,,,,,Ölçü,"90 x 90
100 x 100",1,0,,,,
2329,external,,,"Paslanmaz Duşakabin PS-000",1,0,visible,,"<strong data-start=""0"" data-end=""20"" data-is-only-node="""">Askılı duşakabin</strong>, üst kısmında yer alan özel taşıyıcı ray sistemiyle çalışan, kapakların alt kısımda sürtünmeden rahatça hareket etmesini sağlayan modern bir duşakabin modelidir. Sessiz açılıp kapanma özelliği, uzun ömürlü kullanım sağlaması ve şık tasarımıyla banyolara estetik bir görünüm katar. Özellikle dar alanlarda pratik çözüm sunar.",,,taxable,,1,,,0,0,,,,,0,,,,"Askılı Sistem","askılı, Duşakabin, paslanmaz, ps-000, sistem",,https://www.eraydus.com/wp-content/uploads/2017/11/11496_2.jpeg,,,,,,,,,0,"[{""url"":""https:\/\/www.eraydus.com\/wp-content\/uploads\/2017\/11\/11496_2.jpeg""\,""attachment_id"":""1004""\,""meta"":{""styles_descriptor"":{""styles"":{""desktop"":""""\,""tablet"":""""\,""mobile"":""""}\,""google_fonts"":[]}}}]",,,,,,,,,,,,,,,,,
2339,external,,,"Mika Duşakabin MD-001",1,0,visible,,"Duş teknesi,mika duşakabin,Köşe açılır.",,,taxable,,1,,,0,0,,,,,0,,,11000,"Mika Duşakabin","Duşakabin, md-001, mika",,https://www.eraydus.com/wp-content/uploads/2015/11/sican-dekorasyon-323-e1447182847844.jpg,,,,,,,,,0,"[{""url"":""https:\/\/www.eraydus.com\/wp-content\/uploads\/2015\/11\/sican-dekorasyon-323-e1447182847844.jpg""\,""attachment_id"":""274""\,""meta"":{""styles_descriptor"":{""styles"":{""desktop"":""""\,""tablet"":""""\,""mobile"":""""}\,""google_fonts"":[]\,""version"":5}}}]",,,,,,,,,,Ölçü,"90 x 90
100 x 100",1,0,,,,
2343,external,,,"Mika Duşakabin MD-002",1,0,visible,,"Duş teknesi üzeri ,mika camlı duşakabin, köşe açılır.<strong><span style=""font-size: 14pt;""> </span></strong>",,,taxable,,1,,,0,0,,,,,0,,,11000,"Mika Duşakabin","Duşakabin, md-002, mika",,https://www.eraydus.com/wp-content/uploads/2015/11/alfapleksireal.jpg,,,,,,,,,0,"[{""url"":""https:\/\/www.eraydus.com\/wp-content\/uploads\/2015\/11\/alfapleksireal.jpg""\,""attachment_id"":""205""\,""meta"":{""styles_descriptor"":{""styles"":{""desktop"":""""\,""tablet"":""""\,""mobile"":""""}\,""google_fonts"":[]\,""version"":5}}}]",,,,,,,,,,Ölçü,"80 x 80",1,0,,,,
2344,external,,,"Mika Duşakabin MD-004",1,0,visible,,"<p>Duş teknesi,kare duşakabin,köşe açılır</p>",,,taxable,,1,,,0,0,,,,,0,,,11000,"Mika Duşakabin","Duşakabin, md-004, mika",,https://www.eraydus.com/wp-content/uploads/2021/01/eray_mika_dusakabin.jpg,,,,,,,,,0,,,,,,,,,,,Ölçü,"100 x 100",1,0,,,,
2345,external,,,"Mika Duşakabin MD-003",1,0,visible,,"<p>Duş teknesi,mika duşakabin,köşe açılır </p>",,,taxable,,1,,,0,0,,,,,0,,,13000,"Mika Duşakabin","Duşakabin, md-003, mika",,https://www.eraydus.com/wp-content/uploads/2021/01/ERY-mika.jpg,,,,,,,,,0,,,,,,,,,,,Ölçü,"110 x 110",1,0,,,,
2346,external,,,"Kare Duşakabin KD-001",1,0,visible,,"<p>Flat tekne, tek açılır duşakabin</p>",,,taxable,,1,,,0,0,,,,,0,,,16000,"Kare Cam Duşakabin","cam, Duşakabin, kare, kd-001",,https://www.eraydus.com/wp-content/uploads/2015/11/stacks_image_89823.jpg,,,,,,,,,0,"[{""url"":""https:\/\/www.eraydus.com\/wp-content\/uploads\/2015\/11\/stacks_image_89823.jpg""\,""attachment_id"":""322""\,""meta"":{""styles_descriptor"":{""styles"":{""desktop"":""""\,""tablet"":""""\,""mobile"":""""}\,""google_fonts"":[]\,""version"":5}}}]",,,,,,,,,,Ölçü,"120 x 80",1,0,,,,
2347,external,,,"Kare Duşakabin KD-002",1,0,visible,,"Kare duş teknesi, duşakabin",,,taxable,,1,,,0,0,,,,,0,,,11000,"Kare Cam Duşakabin","cam, Duşakabin, kare, kd-002",,https://www.eraydus.com/wp-content/uploads/2015/11/201409011431058501777.jpg,,,,,,,,,0,"[{""url"":""https:\/\/www.eraydus.com\/wp-content\/uploads\/2015\/11\/201409011431058501777.jpg""\,""attachment_id"":""203""\,""meta"":{""styles_descriptor"":{""styles"":{""desktop"":""""\,""tablet"":""""\,""mobile"":""""}\,""google_fonts"":[]\,""version"":5}}}]",,,,,,,,,,Ölçü,"90 x 90",1,0,,,,
2349,external,,,"Kare Duşakabin KD-003",1,0,visible,,"<p>Flat tekne, Dikdörtgen Duşakabin, Temperli cam   </p>",,,taxable,,1,,,0,0,,,,,0,,,14000,"Kare Cam Duşakabin","cam, Duşakabin, kare, kd-003",,https://www.eraydus.com/wp-content/uploads/2015/11/dikdörtgen.jpg,,,,,,,,,0,"[{""url"":""https:\/\/www.eraydus.com\/wp-content\/uploads\/2015\/11\/dikd\u00f6rtgen.jpg""\,""attachment_id"":""314""\,""meta"":{""styles_descriptor"":{""styles"":{""desktop"":""""\,""tablet"":""""\,""mobile"":""""}\,""google_fonts"":[]\,""version"":4}}}]",,,,,,,,,,Ölçü,"100 x 100",1,0,,,,
2350,external,,,"Kare Duşakabin KD-004",1,0,visible,,"<p>Duşteknesi, Köşeden açılır,  temperli duşakabin</p>",,,taxable,,1,,,0,0,,,,,0,,,13000,"Kare Cam Duşakabin","cam, Duşakabin, kare, kd-004",,https://www.eraydus.com/wp-content/uploads/2015/11/dikdörtgen-duş.jpg,,,,,,,,,0,"[{""url"":""https:\/\/www.eraydus.com\/wp-content\/uploads\/2015\/11\/dikd\u00f6rtgen-du\u015f.jpg""\,""attachment_id"":""312""\,""meta"":{""styles_descriptor"":{""styles"":{""desktop"":""""\,""tablet"":""""\,""mobile"":""""}\,""google_fonts"":[]\,""version"":5}}}]",,,,,,,,,,Ölçü,"110 x 110",1,0,,,,
2351,external,,,"Kare Duşakabin KD-005",1,0,visible,,"<p>Flat tekne, Kare duşakabin,  kumlu, topuz kulp</p>",,,taxable,,1,,,0,0,,,,,0,,,16500,"Kare Cam Duşakabin","cam, Duşakabin, kare, kd-005",,https://www.eraydus.com/wp-content/uploads/2015/11/FLATTEKNEKARE-DUŞAKABİN.jpg,,,,,,,,,0,"[{""url"":""https:\/\/www.eraydus.com\/wp-content\/uploads\/2015\/11\/FLATTEKNEKARE-DU\u015eAKAB\u0130N.jpg""\,""attachment_id"":""308""\,""meta"":{""styles_descriptor"":{""styles"":{""desktop"":""""\,""tablet"":""""\,""mobile"":""""}\,""google_fonts"":[]\,""version"":4}}}]",,,,,,,,,,Ölçü,"90 x 90",1,0,,,,
2352,external,,,"Kare Duşakabin KD-006",1,0,visible,,"Kare zemine sıfır alt yükseltme profilli cam duşakabin",,,taxable,,1,,,0,0,,,,,0,,,8000,"Kare Cam Duşakabin","cam, Duşakabin, kare, kd-006",,https://www.eraydus.com/wp-content/uploads/2020/10/livorno-kareli.jpg,,,,,,,,,0,,,,,,,,,,,Ölçü,"90 x 90",1,0,,,,
2353,external,,,"Oval Duşakabin OVL-001",1,0,visible,,"<p><span class=""tadv-color"" style=""color: #000000; font-family: arial, helvetica, sans-serif;"">Oval küvet, 4 mm cam,  dikey zebra desen, mat krom,</span></p>",,,taxable,,1,,,0,0,,,,,0,,,19000,"Oval Cam Duşakabin","cam, Duşakabin, oval, ovl-001",,https://www.eraydus.com/wp-content/uploads/2015/11/122520731.jpg,,,,,,,,,0,"[{""url"":""https:\/\/www.eraydus.com\/wp-content\/uploads\/2015\/11\/122520731.jpg""\,""attachment_id"":""328""\,""meta"":{""styles_descriptor"":{""styles"":{""desktop"":""""\,""tablet"":""""\,""mobile"":""""}\,""google_fonts"":[]\,""version"":2}}}]",,,,,,,,,,Ölçü,"110 x 110 h180",1,0,,,,
2354,external,,,"Oval Duşakabin OVL-002",1,0,visible,,"<span style=""font-family: arial, helvetica, sans-serif;"">duş teknesi üzeri olimpiyat  model kumlama camlı</span>",,,taxable,,1,,,0,0,,,,,0,,,14000,"Oval Cam Duşakabin","cam, Duşakabin, oval, ovl-002",,https://www.eraydus.com/wp-content/uploads/2018/06/20180605_142847-e1528447918821.jpg,,,,,,,,,0,"[{""url"":""https:\/\/www.eraydus.com\/wp-content\/uploads\/2018\/06\/20180605_142847-e1528447918821.jpg""\,""attachment_id"":""1118""\,""meta"":{""styles_descriptor"":{""styles"":{""desktop"":""""\,""tablet"":""""\,""mobile"":""""}\,""google_fonts"":[]\,""version"":2}}}]",,,,,,,,,,Ölçü,"100 x 100",1,0,,,,
2356,external,,,"Oval Duşakabin OVL-003",1,0,visible,,"<span style=""font-family: arial, helvetica, sans-serif;"">asimetrik sol oval duş teknesi, 6mm papatya desenli duşakabin</span>",,,taxable,,1,,,0,0,,,,,0,,,11000,"Oval Cam Duşakabin","cam, Duşakabin, oval, ovl-003",,https://www.eraydus.com/wp-content/uploads/2015/11/eraydus2222-e1510670366401.jpg,,,,,,,,,0,"[{""url"":""https:\/\/www.eraydus.com\/wp-content\/uploads\/2015\/11\/eraydus2222-e1510670366401.jpg""\,""attachment_id"":""989""\,""meta"":{""styles_descriptor"":{""styles"":{""desktop"":""""\,""tablet"":""""\,""mobile"":""""}\,""google_fonts"":[]\,""version"":5}}}]",,,,,,,,,,Ölçü,"110 x 90
100 x 90",1,0,,,,
2357,external,,,"Oval Duşakabin OVL-004",1,0,visible,,"<span style=""font-family: arial, helvetica, sans-serif;"">oval küvetli, fırça parlak profil,metal 6mm füme cam duşakabin </span>",,,taxable,,1,,,0,0,,,,,0,,,19500,"Oval Cam Duşakabin","cam, Duşakabin, oval, ovl-004",,https://www.eraydus.com/wp-content/uploads/2015/11/IMG-Eraydus.com_.jpg,,,,,,,,,0,"[{""url"":""https:\/\/www.eraydus.com\/wp-content\/uploads\/2015\/11\/IMG-Eraydus.com_.jpg""\,""attachment_id"":""922""\,""meta"":{""styles_descriptor"":{""styles"":{""desktop"":""""\,""tablet"":""""\,""mobile"":""""}\,""google_fonts"":[]\,""version"":5}}}]",,,,,,,,,,,,,,,,,
2358,external,,,"Oval Duşakabin OVL-005",1,0,visible,,"<p><span style=""font-family: arial, helvetica, sans-serif;"">oval duş teknesi, altın sarısı profilli, altın sarısı tekerli, altın sarısı kulplu </span></p>",,,taxable,,1,,,0,0,,,,,0,,,13000,"Oval Cam Duşakabin","cam, Duşakabin, oval, ovl-005",,https://www.eraydus.com/wp-content/uploads/2015/11/GOLD-D322A1.jpg,,,,,,,,,0,"[{""url"":""https:\/\/www.eraydus.com\/wp-content\/uploads\/2015\/11\/GOLD-D322A1.jpg""\,""attachment_id"":""332""\,""meta"":{""styles_descriptor"":{""styles"":{""desktop"":""""\,""tablet"":""""\,""mobile"":""""}\,""google_fonts"":[]\,""version"":5}}}]",,,,,,,,,,Ölçü,"120 x 90",1,0,,,,
2359,external,,,"Oval Duşakabin OVL-006",1,0,visible,,"<span style=""font-family: arial, helvetica, sans-serif;"">6 mm temperli cam, oval asimetrik sol duş tekneli ,parlak profil</span>",,,taxable,,1,,,0,0,,,,,0,,,12000,"Oval Cam Duşakabin","cam, Duşakabin, oval, ovl-006",,https://www.eraydus.com/wp-content/uploads/2021/01/eraydus-asimetrik-oval.jpg,,,,,,,,,0,"[{""url"":""https:\/\/www.eraydus.com\/wp-content\/uploads\/2021\/01\/eraydus-asimetrik-oval.jpg""\,""attachment_id"":""2498""\,""meta"":{""styles_descriptor"":{""styles"":{""desktop"":""""\,""tablet"":""""\,""mobile"":""""}\,""google_fonts"":[]}}}]",,,,,,,,,,Ölçü,"100 x 80 h180",1,0,,,,
2360,external,,,"Oval Duşakabin OVL-007",1,0,visible,,"Oval Duş tekneli cam duşakabin",,,taxable,,1,,,0,0,,,,,0,,,11000,"Oval Cam Duşakabin","cam, Duşakabin, oval, ovl-007",,https://www.eraydus.com/wp-content/uploads/2021/01/Eraydus-oval.jpg,,,,,,,,,0,"[{""url"":""https:\/\/www.eraydus.com\/wp-content\/uploads\/2021\/01\/Eraydus-oval.jpg""\,""attachment_id"":""2499""\,""meta"":{""styles_descriptor"":{""styles"":{""desktop"":""""\,""tablet"":""""\,""mobile"":""""}\,""google_fonts"":[]\,""version"":2}}}]",,,,,,,,,,Ölçü,"100 x 100",1,0,,,,
2361,external,,,"Ön Cephe Duşakabin ÖNC-001",1,0,visible,,"ortadan, iki sabit iki kayar   duşakabin",,,taxable,,1,,,0,0,,,,,0,,,9500,"Ön Cephe Duşakabin","cephe, Duşakabin, Ön, Önc-001",,https://www.eraydus.com/wp-content/uploads/2015/11/4.jpg,,,,,,,,,0,"[{""url"":""https:\/\/www.eraydus.com\/wp-content\/uploads\/2015\/11\/4.jpg""\,""attachment_id"":""359""\,""meta"":{""styles_descriptor"":{""styles"":{""desktop"":""""\,""tablet"":""""\,""mobile"":""""}\,""google_fonts"":[]\,""version"":5}}}]",,,,,,,,,,"Ölçü Aralığı","150cm ile 190cm",1,0,,,,
2362,external,,,"Ön Cephe Duşakabin ÖNC-002",1,0,visible,,"<p>küvetli orta açılır, temperli  duşakabin</p>",,,taxable,,1,,,0,0,,,,,0,,,20000,"Ön Cephe Duşakabin","cephe, Duşakabin, Ön, Önc-002",,https://www.eraydus.com/wp-content/uploads/2015/11/A.jpg,,,,,,,,,0,"[{""url"":""https:\/\/www.eraydus.com\/wp-content\/uploads\/2015\/11\/A.jpg""\,""attachment_id"":""361""\,""meta"":{""styles_descriptor"":{""styles"":{""desktop"":""""\,""tablet"":""""\,""mobile"":""""}\,""google_fonts"":[]\,""version"":5}}}]",,,,,,,,,,Ölçü,"150 x 80",1,0,,,,
2364,external,,,"Ön Cephe Duşakabin ÖNC-003",1,0,visible,,"Flat tekneli tek açılır duşakabin",,,taxable,,1,,,0,0,,,,,0,,,18000,"Ön Cephe Duşakabin","cephe, Duşakabin, Ön, Önc-003",,https://www.eraydus.com/wp-content/uploads/2015/11/Ş.jpg,,,,,,,,,0,"[{""url"":""https:\/\/www.eraydus.com\/wp-content\/uploads\/2015\/11\/\u015e.jpg""\,""attachment_id"":""369""\,""meta"":{""styles_descriptor"":{""styles"":{""desktop"":""""\,""tablet"":""""\,""mobile"":""""}\,""google_fonts"":[]\,""version"":5}}}]",,,,,,,,,,Ölçü,"120 x 90",1,0,,,,
2365,external,,,"Ön Cephe Duşakabin ÖNC-004",1,0,visible,,"<p>Flat tekneli</p>",,,taxable,,1,,,0,0,,,,,0,,,19000,"Ön Cephe Duşakabin","cephe, Duşakabin, Ön, Önc-004",,https://www.eraydus.com/wp-content/uploads/2015/11/Ğ.jpg,,,,,,,,,0,"[{""url"":""https:\/\/www.eraydus.com\/wp-content\/uploads\/2015\/11\/\u011e.jpg""\,""attachment_id"":""376""\,""meta"":{""styles_descriptor"":{""styles"":{""desktop"":""""\,""tablet"":""""\,""mobile"":""""}\,""google_fonts"":[]\,""version"":5}}}]",,,,,,,,,,Ölçü,"130 x 90",1,0,,,,
2367,external,,,"Mika Duşakabin MD-005",1,0,visible,,"Duş teknesi,mika oval duşakabin",,,taxable,,1,,,0,0,,,,,0,,,11000,"Mika Duşakabin","Duşakabin, md-005, mika",,https://www.eraydus.com/wp-content/uploads/2015/11/bella-oval-beyaz-kabin-b624.jpg,,,,,,,,,0,"[{""url"":""https:\/\/www.eraydus.com\/wp-content\/uploads\/2015\/11\/bella-oval-beyaz-kabin-b624.jpg""\,""attachment_id"":""212""\,""meta"":{""styles_descriptor"":{""styles"":{""desktop"":""""\,""tablet"":""""\,""mobile"":""""}\,""google_fonts"":[]\,""version"":4}}}]",,,,,,,,,,Ölçü,"90 x 90
100 x 100",1,0,,,,
2370,external,,,"Mika Duşakabin MD-006",1,0,visible,,"<p>Asimetrik oval küvet. Mika duşakabin</p>",,,taxable,,1,,,0,0,,,,,0,,,17000,"Mika Duşakabin","Duşakabin, md-006, mika",,https://www.eraydus.com/wp-content/uploads/2015/11/ERY-107.jpg,,,,,,,,,0,"[{""url"":""https:\/\/www.eraydus.com\/wp-content\/uploads\/2015\/11\/ERY-107.jpg""\,""attachment_id"":""553""\,""meta"":{""styles_descriptor"":{""styles"":{""desktop"":""""\,""tablet"":""""\,""mobile"":""""}\,""google_fonts"":[]\,""version"":4}}}]",,,,,,,,,,,,,,,,,
2371,external,,,"Mika Duşakabin MD-007",1,0,visible,,"<p>oval küvet, Mika duşakabin</p>",,,taxable,,1,,,0,0,,,,,0,,,10600,"Mika Duşakabin","Duşakabin, md-007, mika",,https://www.eraydus.com/wp-content/uploads/2015/11/ERY-106.jpg,,,,,,,,,0,"[{""url"":""https:\/\/www.eraydus.com\/wp-content\/uploads\/2015\/11\/ERY-106.jpg""\,""attachment_id"":""554""\,""meta"":{""styles_descriptor"":{""styles"":{""desktop"":""""\,""tablet"":""""\,""mobile"":""""}\,""google_fonts"":[]}}}]",,,,,,,,,,Ölçü,"110 x 110
120 x 120",1,0,,,,
2372,external,,,"Mika Duşakabin MD-008",1,0,visible,,"oval yerden mika duşakabin,",,,taxable,,1,,,0,0,,,,,0,,,7000,"Mika Duşakabin","Duşakabin, md-008, mika",,https://www.eraydus.com/wp-content/uploads/2015/11/eraslandusakabin.jpg,,,,,,,,,0,"[{""url"":""https:\/\/www.eraydus.com\/wp-content\/uploads\/2015\/11\/eraslandusakabin.jpg""\,""attachment_id"":""228""\,""meta"":{""styles_descriptor"":{""styles"":{""desktop"":""""\,""tablet"":""""\,""mobile"":""""}\,""google_fonts"":[]\,""version"":4}}}]",,,,,,,,,,Ölçü,"90 x 90
100 x 100",1,0,,,,
2373,external,,,"Mika Duşakabin MD-009",1,0,visible,,"Bir sabit iki kayar, zemin üzeri",,,taxable,,1,,,0,0,,,,,0,,,6800,"Mika Duşakabin","Duşakabin, md-009, mika",,https://www.eraydus.com/wp-content/uploads/2015/11/eraslandusakabinkayseri.jpg,,,,,,,,,0,"[{""url"":""https:\/\/www.eraydus.com\/wp-content\/uploads\/2015\/11\/eraslandusakabinkayseri.jpg""\,""attachment_id"":""229""\,""meta"":{""styles_descriptor"":{""styles"":{""desktop"":""""\,""tablet"":""""\,""mobile"":""""}\,""google_fonts"":[]\,""version"":2}}}]",,,,,,,,,,Ölçü,"90
100
110",1,0,,,,
2375,external,,,"Mika Duşakabin MD-010",1,0,visible,,"<p>Duş teknesi, Ön cephe orta açılır</p>",,,taxable,,1,,,0,0,,,,,0,,,14500,"Mika Duşakabin","Duşakabin, md-010, mika",,https://www.eraydus.com/wp-content/uploads/2015/11/35674564_273511666.jpg,,,,,,,,,0,"[{""url"":""https:\/\/www.eraydus.com\/wp-content\/uploads\/2015\/11\/35674564_273511666.jpg""\,""attachment_id"":""183""\,""meta"":{""styles_descriptor"":{""styles"":{""desktop"":""""\,""tablet"":""""\,""mobile"":""""}\,""google_fonts"":[]\,""version"":2}}}]",,,,,,,,,,"Ölçü Aralığı","150cm ile 190cm",1,0,,,,
2558,external,,,"Nokta Menteşe NM-011",1,0,visible,,"<p>Beşgen duvardan nokta menteşeli çift kapılı duşakabin</p>",,,taxable,,1,,,0,0,,,,,0,,,17400,"Pivot Duşakabin > Nokta Menteşe","menteşe, nm-011, nokta",,https://www.eraydus.com/wp-content/uploads/2021/01/eray44.jpg,,,,,,,,,0,,,,,,,,,,,Ölçü,"50 x 50 x 50
60 x 50 x 60
60 x 60 x 60
60 x 70 x 60",1,0,,,,
2564,external,,,"Boy Menteşe BM-010",1,0,visible,,"<p>Oval boy menteşeli sağ ve sol sabit önden dışa açılır iki kapılı duşakabin</p>",,,taxable,,1,,,0,0,,,,,0,,,11700,"Pivot Duşakabin > Boy Menteşe","bm-010, boy, menteşe",,https://www.eraydus.com/wp-content/uploads/2021/01/ultra_D342A_kabin.jpg,,,,,,,,,0,,,,,,,,,,,Ölçü,"80 x 80
90 x 90
100 x 100",1,0,,,,
2597,external,,,"Vela 120",1,0,visible,,,,,taxable,,1,,,0,0,,,,,0,,,12400,"Banyo Dolabı","120, banyo, dolabi, vela",,"https://www.eraydus.com/wp-content/uploads/2021/01/vela-120-cm-banyo-dolabi.jpg, https://www.eraydus.com/wp-content/uploads/2021/01/vela-120-lavabo-unitesi.jpg, https://www.eraydus.com/wp-content/uploads/2021/01/vela-120-ayna-unitesi.jpg",,,,,,,,,0,,,,,,,,,,,Renk,Beyaz,1,0,,,,
2602,external,,,"Vela 120",1,0,visible,,,,,taxable,,1,,,0,0,,,,,0,,,12400,"Banyo Dolabı","120, Ankara banyo dolapları, banyo, Banyo dolabı Ankara, Banyo dolapları, dolabi, vela",,"https://www.eraydus.com/wp-content/uploads/2021/01/vela-120-cm-banyo-dolabi-1.jpg, https://www.eraydus.com/wp-content/uploads/2021/01/vela-120-lavabo-unitesi-1.jpg, https://www.eraydus.com/wp-content/uploads/2021/01/vela-120-ayna-unitesi-1.jpg",,,,,,,,,0,,,,,,,,,,,Renk,Çam,1,0,Boyutlar,"Lavabo Ünitesi
Genişlik: 120 cm
Yükseklik: 68cm
Derinlik: 15\,5 cm

Ayna Ünitesi
Genişlik: 120 cm
Yükseklik: 49 cm
Derinlik: 45 cm",1,0
2607,external,,,"Albero 90",1,0,visible,,,,,taxable,,1,,,0,0,,,,,0,,,14600,"Banyo Dolabı","banyo, dolabi",,"https://www.eraydus.com/wp-content/uploads/2021/01/albero-90.jpg, https://www.eraydus.com/wp-content/uploads/2021/01/albero-90-lavabo-unitesi.jpg, https://www.eraydus.com/wp-content/uploads/2021/01/albero-90-ayna-unitesi.jpg",,,,,,,,,0,,,,,,,,,,,Renk,Siyah,1,0,Boyutlar,"Lavabo Ünitesi
Genişlik: 90 cm
Yükseklik: 30 cm
Derinlik: 50 cm

Ayna Ünitesi
Genişlik: 70 cm
Yükseklik: 100 cm
Derinlik: 5 cm",1,0
2611,external,,,"Atalante 100",1,0,visible,,,,,taxable,,1,,,0,0,,,,,0,,,14500,"Banyo Dolabı","100, banyo, dolabi",,"https://www.eraydus.com/wp-content/uploads/2021/01/atalante-100-cm-bnyo-dolabi.jpg, https://www.eraydus.com/wp-content/uploads/2021/01/atalante-100-lavabo-unitesi.jpg, https://www.eraydus.com/wp-content/uploads/2021/01/atalante-100-ayna-unitesi.jpg",,,,,,,,,0,,,,,,,,,,,Özellikler,"Seramik Lavabo\, Lake Boya\, Mermer Desen",1,0,Boyutlar,"Lavabo Ünitesi
Genişlik: 98 cm
Yükseklik: 59 cm (Yerden lavabo ünitesinin üst kısmına olan yükseklik 83 cm)
Derinlik: 45 cm

Ayna Ünitesi
Genişlik: 96 cm
Yükseklik: 81 cm
Derinlik: 16 cm",1,0
2615,external,,,"Livorno Duşakabin L-016",1,0,visible,,,,,taxable,,1,,,0,0,,,,,0,,,11000,"Livorno Serisi","Altın sarısı duşakabin, Duşakabin, Duşakabin Ankara, Duşakabin Fiyatları, Gold duşakabin, l-016, livorno, serisi",,https://www.eraydus.com/wp-content/uploads/2020/12/IMG-20201008-WA0036.jpg,,,,,,,,,0,,,,,,,,,,,Renk,Gold,1,0,Ölçüler,"90 x 90 H: 190
100 x 100 H: 190
100 x 90 H: 190
110 x 90 H: 190
120 x 90 H: 190
110 x 100 H: 190
120 x 100 H: 190
110 x 110 H: 190
120 x 120 H: 190",1,0
3509,external,,,"MARMO 80",1,0,visible,,,,,taxable,,1,,,0,0,,,,,1,,,8800,"Banyo Dolabı","banyo, dolabi, marmo",,"https://www.eraydus.com/wp-content/uploads/2021/01/EraydusBanyo.jpg, https://www.eraydus.com/wp-content/uploads/2021/01/EraydusBanyo.jpg",,,,,,,,,0,,,,,,,,,,,RENK,"Balon Kapak
Beyaz-Ceviz",1,0,BOYUTLAR,"80 cm",1,0
3806,external,,,"Klass 100",1,0,visible,,,,,taxable,,1,,,0,0,,,,,1,,,6500,"Banyo Dolabı","100, banyo, dolabi, klass",,https://www.eraydus.com/wp-content/uploads/2021/01/banyodolabi19-scaled-e1610640234705.jpg,,,,,,,,,0,,,,,,,,,,,Renk,"Beyaz
Ceviz",1,0,Boyut,"100 cm",1,0
3807,external,,,"Sina 45",1,0,visible,,,,,taxable,,1,,,0,0,,,,,1,,,4600,"Banyo Dolabı","banyo, dolabi, sina",,https://www.eraydus.com/wp-content/uploads/2021/01/banyodolabi42-scaled.jpg,,,,,,,,,0,,,,,,,,,,,Renk,"Beyaz
Meşe",1,0,Boyutlar,"45 cm",1,0
3808,external,,,"Trend 80",1,0,visible,,,,,taxable,,1,,,0,0,,,,,1,,,12500,"Banyo Dolabı","banyo, dolabi, trend",,https://www.eraydus.com/wp-content/uploads/2021/01/banyodolabi35-scaled.jpg,,,,,,,,,0,,,,,,,,,,,Renk,"Beyaz
meşe",1,0,Ölçüler,"80 cm
90 cm
100 cm",1,0
3809,external,,,"Pegos 80 + 40",1,0,visible,,,,,taxable,,1,,,0,0,,,,,1,,,10800,"Banyo Dolabı","banyo, dolabi, pegos",,https://www.eraydus.com/wp-content/uploads/2021/01/banyodolabi32-scaled.jpg,,,,,,,,,0,,,,,,,,,,,Renk,"Balon Kapak
Beyaz-antrasit",1,0,Ölçüler,"65 cm + 40 cm
80 cm + 40 cm
100 cm + 40 cm",1,0
3811,external,,,"Tesla 80 + 40",1,0,visible,,,,,taxable,,1,,,0,0,,,,,1,,,12800,"Banyo Dolabı","askılı, banyo, dolabi, sistem, tesla",,https://www.eraydus.com/wp-content/uploads/2021/01/banyodolabi21-scaled.jpg,,,,,,,,,0,,,,,,,,,,,Renk,"Balon Kapak
Beyaz",1,0,Ölçüler,"65 cm + 40 cm
80 cm + 40 cm
100 cm + 40 cm",1,0
3813,external,,,"Paslanmaz Duşakabin PS-009",1,0,visible,,,,,taxable,,1,,,0,0,,,,,1,,,18500,"Askılı Sistem","askılı, Duşakabin, paslanmaz, ps-009, sistem",,https://www.eraydus.com/wp-content/uploads/2020/12/IMG-20201212-WA0001.jpg,,,,,,,,,0,,,,,,,,,,,Renk,"Gold Serisi",1,0,Boyutlar,"120 cm - 130 cm - 140 cm
1 sabit 1 sürgülü duşakabin",1,0
3850,external,,,"Boy Menteşe BM-009",1,0,visible,,"Siyah karolajlı",,,taxable,,1,,,0,0,,,,,1,,,7800,"Pivot Duşakabin > Boy Menteşe","bm-009, bm-09, boy, menteşe",,https://www.eraydus.com/wp-content/uploads/2021/02/Pivot-Kapi_HDR-scaled-e1711047154322.jpg,,,,,,,,,0,,,,,,,,,,,Renk,"Siyah Karolajlı",1,0,,,,
3900,external,,,"Nokta Menteşe NM-012",1,0,visible,,,,,taxable,,1,,,0,0,,,,,1,,,17500,"Pivot Duşakabin > Nokta Menteşe","menteşe, nm-012, nokta",,"https://www.eraydus.com/wp-content/uploads/2021/03/1615915249119.jpg, https://www.eraydus.com/wp-content/uploads/2021/03/1615915190103.jpg",,,,,,,,,0,,,,,,,,,,,RENK,SİYAH,1,0,MODEL,"BEŞGEN DUŞAKABİN",1,0
4522,simple,,,"Livorno Duşakabin L-019",1,0,visible,,,,,taxable,,1,,,0,0,,,,,1,,,12000,"Livorno Serisi","Duşakabin, l-019, livorno, serisi",,https://www.eraydus.com/wp-content/uploads/2021/06/1623947634382-e1624561680427.jpg,,,,,,,,,0,,,,,,,,,,,RENK,"BRONZ CAM
BRONZ PROFİL",1,0,,,,
4523,simple,,,"Paslanmaz Duşakabin PS-010",1,0,visible,,,,,taxable,,1,,,0,0,,,,,1,,,17500,"Askılı Sistem","askılı, Duşakabin, paslanmaz, ps-010, sistem",,https://www.eraydus.com/wp-content/uploads/2022/01/1623947634426-1.jpg,,,,,,,,,0,,,,,,,,,,,ÖLÇÜ,"140 x 90 H: 195
Alt 4x4 Kutu Profilli",1,0,,,,
4532,simple,,,"Paslanmaz Duşakabin PS-011",1,0,visible,,"Flotal, Aynalı,cam, Duşakabin,",,,taxable,,1,,,0,0,,,,,1,,,24000,"Askılı Sistem","askılı, Aynalı Cam, Duşakabin, paslanmaz, ps-011, sistem",,https://www.eraydus.com/wp-content/uploads/2022/01/IMG-20201008-WA0028.jpg,,,,,,,,,0,,,,,,,,,,,ÖLÇÜ,"150 x 80 H: 195
Alt 4x4 Kutu Profilli",1,0,,,,
4533,simple,,,"Boy Menteşe BM-011",1,0,visible,,"Emaye Çizgili Cam Duşakabin",,,taxable,,1,,,0,0,,,,,1,,,14500,"Pivot Duşakabin > Boy Menteşe","bm-011, bm-10, boy, menteşe",,https://www.eraydus.com/wp-content/uploads/2022/01/IMG-20201228-WA0003.jpg,,,,,,,,,0,,,,,,,,,,,,,,,,,,
4541,simple,,,"Livorno Duşakabin L-017",1,0,visible,,"Kare, Siyah, Emaye, Karolaj, 6 mm,",,,taxable,,1,,,0,0,,,,,1,,,9000,"Livorno Serisi","Duşakabin, l-017, livorno, serisi",,https://www.eraydus.com/wp-content/uploads/2022/01/Livorno-Dusakabin-L017-scaled.jpg,,,,,,,,,0,,,,,,,,,,,,,,,,,,
4545,simple,L-018,,"Livorno Duşakabin L-018",1,0,visible,,"Tek Açılır, Beyaz, Karolaj, 6 MM,",,,taxable,,1,,,0,0,,,,,1,,,9500,"Livorno Serisi","Duşakabin, l-018, livorno, serisi",,https://www.eraydus.com/wp-content/uploads/2022/01/unnamed-file.jpg,,,,,,,,,0,,,,,,,,,,,,,,,,,,
5892,simple,,,"Livorno Duşakabin L-020",1,0,visible,,,,,taxable,,1,,,0,0,,,,,1,,,8500,"Livorno Serisi","Duşakabin, l-020, livorno, serisi",,"https://www.eraydus.com/wp-content/uploads/2022/01/IMG_20210623_110504-scaled-e1656270328849.jpg, https://www.eraydus.com/wp-content/uploads/2022/01/IMG_20210623_110504-scaled-e1656270328849.jpg",,,,,,,,,0,,,,,,,,,,,Siyah,"Kare
kapalı Ray
Şeffaf Cam",1,0,,,,
5893,simple,,,"Nokta Menteşe NM-013",1,0,visible,,,,,taxable,,1,,,0,0,,,,,1,,,14500,"Pivot Duşakabin > Nokta Menteşe, Pivot Duşakabin","Duşakabin, menteşe, nm-013, nokta, pivot",,"https://www.eraydus.com/wp-content/uploads/2022/06/IMG_20220603_105526.jpg, https://www.eraydus.com/wp-content/uploads/2022/06/IMG_20220603_105526.jpg",,,,,,,,,0,,,,,,,,,,,,,,,,,,
5895,simple,,,"Katlanır Duşakabin – 04",1,0,visible,,"Siyah Karolajlı Satina Camlı Duşakabin.",,,taxable,,1,,,0,0,,,,,1,,8500,9500,"Katlanır Duşakabin","Duşakabin, katlanır",,"https://www.eraydus.com/wp-content/uploads/2022/07/IMG_20220215_150234-e1656872157242.jpg, https://www.eraydus.com/wp-content/uploads/2022/07/IMG_20220215_145711.jpg",,,,,,,,,0,,,,,,,,,,,Siyah,"Karolajlı\, Satina Kapalı\,",1,0,,,,
5898,simple,,,"Paslanmaz Duşakabin PS-012",1,0,visible,,,,,taxable,,1,,,0,0,,,,,1,,,17500,"Askılı Sistem","askılı, Duşakabin, paslanmaz, ps-012, sistem",,"https://www.eraydus.com/wp-content/uploads/2022/07/IMG_20220525_122724--scaled-e1656873350130.jpg, https://www.eraydus.com/wp-content/uploads/2022/07/IMG_20220525_122831-1-1-scaled.jpg, https://www.eraydus.com/wp-content/uploads/2022/07/IMG_20220525_122831--scaled.jpg",,,,,,,,,0,,,,,,,,,,,SİYAH,"Siyah Lama
Siyah Aksesuar",1,0,,,,
5903,simple,,,"Nokta Menteşe NM-014",1,0,visible,,,,,taxable,,1,,,0,0,,,,,1,,,14500,"Pivot Duşakabin > Nokta Menteşe","menteşe, nm-014, nokta",,"https://www.eraydus.com/wp-content/uploads/2022/07/IMG-20220513-WA0000-1.jpg, https://www.eraydus.com/wp-content/uploads/2022/07/IMG-20220513-WA0000.jpg, https://www.eraydus.com/wp-content/uploads/2022/07/IMG-20220513-WA0002.jpg",,,,,,,,,0,,,,,,,,,,,SİYAH,"Nokta Menteşe
İçe Sağa ve Sola Açılır
T Gergi",1,0,,,,
5907,simple,,,"Livorno Duşakabin L-021",1,0,visible,,,,,taxable,,1,,,0,0,,,,,1,,,9500,"Livorno Serisi","Duşakabin, l-021, livorno, serisi",,"https://www.eraydus.com/wp-content/uploads/2022/07/IMG-20210727-WA0026-.jpg, https://www.eraydus.com/wp-content/uploads/2022/07/IMG-20211217-WA0004-.jpg",,,,,,,,,0,,,,,,,,,,,Siyah,"Karolajlı
Satina Kapalı",1,0,,,,
5910,simple,,,"Boy Menteşe BM-012",1,0,visible,,,,,taxable,,1,,,0,0,,,,,1,,,7200,"Pivot Duşakabin > Boy Menteşe","bm-012, boy, menteşe",,"https://www.eraydus.com/wp-content/uploads/2022/07/IMG_20220428_113141-1-scaled.jpg, https://www.eraydus.com/wp-content/uploads/2022/07/IMG_20220428_113201-1-scaled.jpg",,,,,,,,,0,,,,,,,,,,,"Boy Menteşe","Çift Açılır Kapı",1,0,,,,
5955,simple,,,"Livorno Duşakabin L-022",1,0,visible,,"Fırça Parlak Çerçeveli Füme Cam Üstü Karolajlı Duşakabin.",,,taxable,,1,,,0,0,,,,,1,,,10500,"Livorno Serisi","Duşakabin, Füme, karolajlı, l-022, livorno, serisi",,https://www.eraydus.com/wp-content/uploads/2025/03/Siyah-Karolaj.jpg,,,,,,,,,0,,,,,,,,,,,,,,,,,,
5958,simple,,,"Nokta Menteşe NM-015",1,0,visible,,"Sağ Ve Sol Yan Sabit, Ortadan İçe Ve Dışa Açılır Nokta Menteşeli Duşakabin.",,,taxable,,1,,,0,0,,,,,1,,,15500,"Pivot Duşakabin > Nokta Menteşe","menteşe, nm-015, nokta",,"https://www.eraydus.com/wp-content/uploads/2025/03/Orta-Acilir-Nokta-Mentese.jpg, https://www.eraydus.com/wp-content/uploads/2025/03/Ice-Sola-Acilir.jpg, https://www.eraydus.com/wp-content/uploads/2025/03/Ice-Saga-Acilir.jpg",,,,,,,,,0,,,,,,,,,,,,,,,,,,
5962,simple,,,"Paslanmaz Duşakabin PS-013",1,0,visible,,"Askılı Sistem Kare Köşe Açılır Cam Duşakabin,",,,taxable,,1,,,0,0,,,,,1,,,23000,"Askılı Sistem, Pivot Duşakabin > Nokta Menteşe","askılı, Duşakabin, menteşe, nokta, paslanmaz, ps-013, sistem",,"https://www.eraydus.com/wp-content/uploads/2025/03/Siyah-Askili-1.jpg, https://www.eraydus.com/wp-content/uploads/2025/03/Siyah-Askili.jpg",,,,,,,,,0,,,,,,,,,,,,,,,,,,
5975,simple,,,"Paslanmaz Duşakabin PS-014",1,0,visible,,"Nevrür'lü Cam Paslanmaz Duşakabin.",,,taxable,,1,,,0,0,,,,,1,,,28000,"Askılı Sistem","askılı, Duşakabin, Nervürlü Cam, paslanmaz, ps-014, sistem",,"https://www.eraydus.com/wp-content/uploads/2025/04/IMG-20240830-WA0018.jpg, https://www.eraydus.com/wp-content/uploads/2025/04/IMG-20240830-WA0019.jpg, https://www.eraydus.com/wp-content/uploads/2025/04/IMG_20250408_150124.jpg",,,,,,,,,0,,,,,,,,,,,Ölçü,"100x100, 90x100",1,0,,,,
6254,simple,,,"Katlanır Duşakabin – 05",1,0,visible,"Siyah Karolajlı Katlanır Duşakabin.",,,,taxable,,1,,,0,0,,,,,1,,8000,9000,"Katlanır Duşakabin","Duşakabin, katlanır",,"https://www.eraydus.com/wp-content/uploads/2025/08/IMG_20230605_014226.jpg, https://www.eraydus.com/wp-content/uploads/2025/08/IMG_20230605_014226.jpg, https://www.eraydus.com/wp-content/uploads/2025/08/1679830782395.jpg",,,,,,,,,0,,,"{""blocksy_product_categories"":[{""name"":""Ask\u0131l\u0131 Sistem"",""thumb"":false,""meta"":""""},{""name"":""Boy Mente\u015fe"",""thumb"":false,""meta"":""""},{""name"":""Livorno Serisi"",""thumb"":false,""meta"":""""},{""name"":""Nokta Mente\u015fe"",""thumb"":false,""meta"":""""},{""name"":""Pivot Du\u015fakabin"",""thumb"":false,""meta"":""""},{""name"":""Katlan\u0131r Du\u015fakabin"",""thumb"":false,""meta"":""""}]}",,,,,,,,,,,,,,,
